dataset,backend,config_id,n_runs,accuracy_mean,accuracy_sd,f1_mean,f1_sd,inter_run_agreement,inter_run_agreement_sd,inter_run_fleiss_kappa
substanreview,mock,A1,2,0.32619047619047614,0.01010152544552211,0.2413997957857607,0.02013741394857817,0.8904761904761904,0.0,0.8499487402528814
substanreview,mock,A2,2,0.32619047619047614,0.01010152544552211,0.2413997957857607,0.02013741394857817,0.8904761904761904,0.0,0.8499487402528814
substanreview,mock,A3,2,0.33095238095238094,0.016835875742536865,0.2438417667758767,8.580351670750063e-05,0.8714285714285714,0.0,0.8248188713639102
substanreview,mock,A4,2,0.30952380952380953,0.02020305089104422,0.23284045096493422,0.01981445348605371,0.8095238095238095,0.0,0.7324457326686945
substanreview,mock,A5,2,0.319047619047619,0.006734350297014753,0.23809093646492022,0.012477102492481653,0.8761904761904762,0.0,0.8288240273379942
substanreview,mock,A6,2,0.30952380952380953,0.02020305089104422,0.23801395081067328,0.02151870658629584,0.8095238095238095,0.0,0.7324457326686945
substanreview,mock,B0,2,0.2642857142857143,0.003367175148507357,0.1924120230145118,0.009323842289849227,0.7380952380952381,0.0,0.6154422414223644
substanreview,mock,F,2,0.32619047619047614,0.01010152544552211,0.2413997957857607,0.02013741394857817,0.8904761904761904,0.0,0.8499487402528814
substanreview,mock:noisy,A1,2,0.3119047619047619,0.016835875742536865,0.22844075111927076,0.007998708459842041,0.8571428571428571,0.0,0.8028323292387135
substanreview,mock:noisy,A2,2,0.3119047619047619,0.016835875742536865,0.22844075111927076,0.007998708459842041,0.8571428571428571,0.0,0.8028323292387135
substanreview,mock:noisy,A3,2,0.31666666666666665,0.01010152544552211,0.22971608124789583,0.001216732575265822,0.8476190476190476,0.0,0.7917312341164073
substanreview,mock:noisy,A4,2,0.2690476190476191,0.050507627227610555,0.20585274662065,0.043825571281478584,0.6476190476190476,0.0,0.468136080498323
substanreview,mock:noisy,A5,2,0.28809523809523807,0.01010152544552211,0.21924199312005924,0.005774331435244755,0.780952380952381,0.0,0.6867094765518584
substanreview,mock:noisy,A6,2,0.2690476190476191,0.050507627227610555,0.2153169180389811,0.04516408279973901,0.6476190476190476,0.0,0.468136080498323
substanreview,mock:noisy,B0,2,0.1523809523809524,0.006734350297014734,0.12117235345581803,0.014228745378207015,0.6666666666666666,0.0,0.2746829821877928
substanreview,mock:noisy,F,2,0.3119047619047619,0.016835875742536865,0.22844075111927076,0.007998708459842041,0.8571428571428571,0.0,0.8028323292387135
