Dataset,Model,tau,Precision,Recall,F1
SubstanReview-derived,mock,0.3,0.2935064935064935,0.26904761904761904,0.2807453416149069
SubstanReview-derived,mock,0.5,0.2519480519480519,0.23095238095238096,0.24099378881987576
SubstanReview-derived,mock,0.7,0.21038961038961038,0.19285714285714287,0.20124223602484473
SubstanReview-derived,mock,0.9,0.17662337662337663,0.1619047619047619,0.168944099378882
SubstanReview-derived,mock,1.0,0.15844155844155844,0.14523809523809525,0.15155279503105593
SubstanReview-derived,mock:noisy,0.3,0.2826666666666667,0.2523809523809524,0.26666666666666666
SubstanReview-derived,mock:noisy,0.5,0.24,0.21428571428571427,0.2264150943396226
SubstanReview-derived,mock:noisy,0.7,0.192,0.17142857142857143,0.18113207547169813
SubstanReview-derived,mock:noisy,0.9,0.16266666666666665,0.14523809523809525,0.15345911949685534
SubstanReview-derived,mock:noisy,1.0,0.144,0.12857142857142856,0.13584905660377355
