Dataset,Model,Label,N units,Unit accuracy,Span precision,Span recall,Span F1
SubstanReview-derived,mock,Eval_pos,176,0.4090909090909091,0.358974358974359,0.3181818181818182,0.3373493975903615
SubstanReview-derived,mock,Eval_neg,110,0.4,0.1696969696969697,0.2545454545454545,0.20363636363636364
SubstanReview-derived,mock,Jus_pos,28,0.07142857142857142,0.15384615384615385,0.07142857142857142,0.0975609756097561
SubstanReview-derived,mock,Jus_neg,90,0.1111111111111111,0.23809523809523808,0.05555555555555555,0.0900900900900901
SubstanReview-derived,mock,Major_Claim,16,0.5,0.2,0.375,0.26086956521739135
SubstanReview-derived,mock:noisy,Eval_pos,176,0.38636363636363635,0.3466666666666667,0.29545454545454547,0.3190184049079755
SubstanReview-derived,mock:noisy,Eval_neg,110,0.39090909090909093,0.16455696202531644,0.23636363636363636,0.19402985074626866
SubstanReview-derived,mock:noisy,Jus_pos,28,0.07142857142857142,0.18181818181818182,0.07142857142857142,0.10256410256410255
SubstanReview-derived,mock:noisy,Jus_neg,90,0.08888888888888889,0.21052631578947367,0.044444444444444446,0.07339449541284404
SubstanReview-derived,mock:noisy,Major_Claim,16,0.5,0.21428571428571427,0.375,0.2727272727272727
